Id,BIRTHDATE,DEATHDATE,SSN,DRIVERS,PASSPORT,PREFIX,FIRST,LAST,SUFFIX,MAIDEN,MARITAL,RACE,ETHNICITY,GENDER,BIRTHPLACE,ADDRESS,CITY,STATE,ZIP
99f93f6d-9b71-49e1-9bf6-acab2ac2788e,1995-03-19,,999-55-8781,S99977987,X12955855X,Mr.,Shane235,Beatty507,,,,white,irish,M,Clinton  Massachusetts  US,613 Lynch Neck,West Brookfield,Massachusetts,01585
7bfd729c-c9b0-49b0-8189-6720ddafe15b,1967-12-28,,999-15-1368,S99930210,X37785082X,Mr.,Quinn173,Spencer878,,,M,white,american,M,Lowell  Massachusetts  US,160 Crist Fort Unit 86,Fairhaven,Massachusetts,02719
0f563f64-0435-4d1e-9f13-533d7731a09e,1973-03-07,,999-30-9859,S99963354,X66339235X,Mr.,Willian804,Sauer652,,,S,white,english,M,Holden  Massachusetts  US,776 Moen Row,Norwell,Massachusetts,02061
574de034-2e02-44e9-81f7-70156fc6ff6b,1999-10-10,,999-90-9257,S99993294,,Mr.,Josue598,Greenfelder433,,,,white,american,M,Palmer Town  Massachusetts  US,395 Crooks Frontage road,Boston,Massachusetts,02108
e3fbd928-e029-4909-b845-0d63d3d38187,1987-05-09,,999-48-4430,S99988658,X23125920X,Mrs.,Belkis212,Stark857,,Schneider199,M,white,irish,F,Lawrence  Massachusetts  US,500 Osinski Rapid,Cambridge,Massachusetts,02138
18d800ff-6674-4f76-be41-c890caab796a,1953-04-22,,999-71-5763,S99988781,X86852502X,Mrs.,Hyo54,Goldner995,,Nicolas769,M,white,german,F,Brookline  Massachusetts  US,525 Davis Mill Apt 66,Revere,Massachusetts,02151
4e37c9f7-e089-4134-91ca-0f1d5fb40b67,1963-01-08,,999-17-6473,S99915112,X52574573X,Mrs.,Jenna662,McGlynn426,,Schaefer657,M,asian,chinese,F,Macau  Macao Special Administrative Region of the People's Republic of China  CN,342 Schmeler Promenade Unit 11,Salisbury,Massachusetts,01952
04342cd3-5d11-4e92-9eb1-26b992d7487a,1991-07-30,,999-37-1733,S99934295,X70382897X,Mr.,Noble66,Paucek755,,,M,white,swedish,M,Boston  Massachusetts  US,1028 Lind Union Apt 77,Amesbury Town,Massachusetts,01913
a667ba21-7756-4c8a-b0cc-8391314cedbb,1965-01-16,,999-78-7883,S99916269,X20422782X,Mrs.,Tresa661,Kuhlman484,,Hermiston71,M,white,french,F,North Andover  Massachusetts  US,505 Reilly Common Suite 2,Westborough,Massachusetts,01581
d0c34a49-1230-487a-9739-d5cb83c61b3a,2009-10-13,,999-59-5817,,,,Blake449,Wehner319,,,,white,french,F,Swansea  Massachusetts  US,231 Pfeffer Run,North Reading,Massachusetts,01864
cb43ddc2-8c68-4004-b71d-67658ab1b2a2,1976-05-31,,999-59-8558,S99976688,X6715998X,Mrs.,Ocie984,Russel238,,Von197,M,white,irish,F,Beverly  Massachusetts  US,416 Mante Fork Apt 32,Agawam Town,Massachusetts,01001
79184a90-d57b-4f30-b285-f282ce9273d5,1965-05-19,,999-82-2103,S99970240,X10270623X,Mrs.,Marybeth994,Hettinger594,,Schumm995,M,white,scottish,F,Lawrence  Massachusetts  US,803 Schulist Course,Canton,Massachusetts,02021
4b417885-080a-40f4-9236-25c22813c606,2001-08-23,,999-81-4597,S99967633,,,Homero668,Baca589,,,,hispanic,puerto_rican,M,Ponce  Puerto Rico  PR,395 Breitenberg Promenade,Holyoke,Massachusetts,01040
3e85303f-4eb4-46f5-abd2-587dd3c126dc,1959-11-22,,999-16-5837,S99941702,X8113685X,Mr.,Wilson960,Brekke496,,,M,hispanic,puerto_rican,M,Quincy  Massachusetts  US,495 Hodkiewicz Boulevard Apt 22,Boston,Massachusetts,02108
60a0b13c-ef5d-47d5-90af-2eb90dc92b2f,1974-09-29,,999-67-1562,S99961734,X16959992X,Mrs.,Samara159,Kulas532,,Schuster709,M,hispanic,mexican,F,Whitman  Massachusetts  US,1046 Walker Vista,Boston,Massachusetts,02108
6f72746c-0037-4885-bffc-5895575305c8,2015-03-05,,999-97-5765,,,,Jerrod232,Schoen8,,,,hispanic,puerto_rican,M,Westford  Massachusetts  US,454 Robel Annex,Natick,Massachusetts,01760
d39ec884-658f-4763-85a5-ba2e599fdb68,2003-02-25,,999-28-7286,S99971086,,,Gerardo48,Sauer652,,,,hispanic,puerto_rican,M,Boston  Massachusetts  US,746 Glover Viaduct,North Andover,Massachusetts,01845
cd206607-26c2-4075-ad86-547ea428d10f,1990-03-19,,999-60-9898,S99984221,X18603131X,Mr.,Joaquín233,Esquibel766,,,S,hispanic,puerto_rican,M,Caguas  Puerto Rico  PR,732 Farrell Key,Holyoke,Massachusetts,01040
c88192bc-2b67-4977-89d3-3d667c033fb9,1939-12-10,,999-32-4093,S99971164,X67688313X,Ms.,Leticia253,Solano766,,,S,hispanic,puerto_rican,F,Caguas  Puerto Rico  PR,1002 Murphy Mill,Hamilton,Massachusetts,01936
79369e85-6c49-4ddf-a78d-7831dccf7f92,1919-07-31,2012-08-02,999-81-5647,S99935315,X76318478X,Mrs.,Deeanna316,Larson43,,Kulas532,M,white,irish,F,Pepperell  Massachusetts  US,884 Considine Hollow Apt 98,Pembroke,Massachusetts,02359
fe34bc98-c653-4c9a-a886-73e5ff43c47f,1982-03-24,,999-86-2065,S99942366,X69315277X,Mr.,Mark765,Schmitt836,,,M,white,french,M,Stoughton  Massachusetts  US,410 McKenzie Bridge,Worcester,Massachusetts,01545
b223aebf-427f-431b-baa0-faedcdbb3778,1938-02-07,,999-17-8654,S99931616,X79602067X,Mrs.,Yasmine182,Swaniawski813,,Gleason633,M,white,irish,F,Barnstable Town  Massachusetts  US,569 Pfeffer Key Unit 97,Winchester,Massachusetts,01890
c392cf87-ad42-4a77-836b-73f14dc7e201,1943-03-18,,999-29-7557,S99983182,X18660054X,Mrs.,Lakeisha206,McClure239,,Schamberger479,M,white,german,F,Falmouth  Massachusetts  US,1069 Thiel Harbor Suite 72,Cambridge,Massachusetts,02138
349c675b-936a-45d7-9f7a-aded1d0a7f04,1965-06-08,,999-82-1916,S99961620,X46248161X,Mrs.,Michel472,Wuckert783,,Graham902,M,white,irish,F,New Bedford  Massachusetts  US,929 Russel Extension Suite 87,Hubbardston,Massachusetts,01452
6610679c-04fe-442c-951a-57ac0a80f8a2,1959-08-24,2015-10-10,999-99-3690,S99984555,X22333070X,Mr.,Garret233,Cronin387,,,S,white,italian,M,Milan  Lombardy  IT,696 Kemmer Loaf Apt 36,Wareham,Massachusetts,02571
02a6da69-92e5-46cb-b7d9-eb6c2aa9aca2,1954-09-30,,999-83-2626,S99996754,X56061678X,Mr.,Brady998,Abernathy524,,,M,white,german,M,Lawrence  Massachusetts  US,942 Hoeger Hollow Suite 33,Quincy,Massachusetts,02169
c7be223a-4d4c-4917-bd44-12c20679ca96,1987-02-07,,999-34-9463,S99969145,X60933375X,Mrs.,Felicita351,Wisozk929,,Jaskolski867,M,white,irish,F,Leicester  Massachusetts  US,272 Jenkins Arcade,Fall River,Massachusetts,02720
f930baf6-51bf-4249-8da6-9a91a3b49a9c,1976-03-17,,999-89-6656,S99928420,X18665798X,Mr.,John539,Parisian75,,,M,white,american,M,Harwich  Massachusetts  US,1066 Herzog Run,Franklin Town,Massachusetts,02038
bcafe37f-1b13-4aa7-8e38-e93768dc21e2,1919-07-31,1976-08-18,999-88-4241,S99922015,X38696650X,Mrs.,Milagros256,Conroy74,,Daugherty69,M,white,irish,F,Wrentham  Massachusetts  US,107 Huel Vale,Pembroke,Massachusetts,02359
e3a4a971-e861-4125-ab3f-1073d044fa59,1992-04-20,,999-13-7972,S99922621,X64420279X,Mr.,Russell422,McClure239,,,S,black,african,M,Merrimac  Massachusetts  US,344 Padberg Path,Chelsea,Massachusetts,02149
b218e624-fa4d-4044-8162-54a7dbf38cda,1983-02-25,,999-21-3314,S99993492,X1689018X,Mrs.,Numbers230,Rempel203,,Cassin499,M,white,french,F,Everett  Massachusetts  US,457 Kuvalis Dale Apt 61,Duxbury,Massachusetts,02332
9689f540-bc21-4a5e-bc2d-cd1dd2db243c,1950-07-27,,999-92-1289,S99941186,X53990768X,Mrs.,Genna99,Kemmer137,,Hane680,M,white,italian,F,Holden  Massachusetts  US,843 Tromp Ranch,Leominster,Massachusetts,01420
03cd1d7d-1df4-4eea-bc09-ee2d95ebec10,1972-05-11,,999-20-1232,S99992997,X60125141X,Mr.,Pedro316,Arreola736,,,M,black,dominican,M,Roseau  Saint George  DM,495 Wintheiser Ferry,Lakeville,Massachusetts,02347
729d8870-c990-4bbd-a302-962a28ac5652,1996-08-05,,999-53-9672,S99980801,X24354668X,Ms.,Iliana226,Wunsch504,,,,white,french,F,Agawam Town  Massachusetts  US,620 Heller Mews Unit 45,Monson,Massachusetts,01057
539921d6-1032-4cbd-af8c-71de37ee2e93,1993-11-06,,999-70-2467,S99917629,X18257346X,Ms.,Lindsey52,Emmerich580,,,,white,polish,F,Watertown Town  Massachusetts  US,879 Hayes Meadow,Sharon,Massachusetts,02067
901c8039-86f8-481f-a7fc-25522fd6a7c5,1966-02-28,,999-36-4843,S99913266,X64189407X,Mr.,Jarred626,Crona259,,,S,asian,chinese,M,Chongqing  Chongqing Municipality  CN,795 Leuschke Neck Suite 51,Newton,Massachusetts,02458
1790d404-6f3e-4dc8-bf0d-e0124e741aed,1959-08-24,,999-11-7377,S99936385,X52838527X,Mr.,Isaiah615,Cruickshank494,,,M,white,italian,M,Turin  Piedmont  IT,979 King Parade,Wareham,Massachusetts,02571
56c05626-6894-4be2-91d1-0bf93e77e503,2006-10-15,,999-34-9914,,,,Lindsay928,Romaguera67,,,,white,irish,M,Attleboro  Massachusetts  US,365 Johns Loaf,Stoneham,Massachusetts,02180
0247845a-5612-4a3f-a522-ef28b5c0a714,1990-01-30,,999-54-5643,S99991834,X66040196X,Mrs.,Annetta101,Pollich983,,Purdy2,M,asian,chinese,F,Winchester  Massachusetts  US,1070 Carter Pathway Apt 34,Foxborough,Massachusetts,02035
7a286924-84d2-440d-b1c5-74618b8f7c44,2013-02-27,,999-70-6441,,,,Claud279,Larson43,,,,white,american,M,Yarmouth  Massachusetts  US,761 Quigley Club Suite 41,Arlington,Massachusetts,02474
dcf110b9-9469-4d1f-a48c-67497ac2d176,1947-07-10,2010-04-22,999-41-7373,S99932358,X33997379X,Mr.,Garrett899,Nienow652,,,S,white,irish,M,Boston  Massachusetts  US,759 Renner Throughway Unit 93,Swampscott,Massachusetts,01907
a4314a76-a2d3-4e33-a8f6-bd1c18bbe883,1948-09-10,,999-12-3631,S99941316,X48696860X,Mr.,Eldon28,Stamm704,,,M,white,english,M,Worcester  Massachusetts  US,742 Mitchell Tunnel,North Andover,Massachusetts,01845
c814d8fa-fd15-49bf-a7e1-edd7f5cf55bc,2018-03-23,,999-26-4564,,,,Chung121,Tromp100,,,,white,italian,M,Barnstable Town  Massachusetts  US,962 Schuppe Harbor,Pittsfield,Massachusetts,01201
39f72464-d01a-4e0b-a05a-76a10ceedc5b,1941-08-03,,999-52-4124,S99922475,X20424575X,Mrs.,Karin721,Carroll471,,Cummings51,M,white,english,F,Grafton  Massachusetts  US,969 Torphy Mall,Methuen Town,Massachusetts,01841
5c01bb56-f748-47b1-8dfc-bff029b73df9,1991-09-15,,999-58-2155,S99918892,X17987453X,Mr.,Burt293,Pagac496,,,M,asian,asian_indian,M,Littleton  Massachusetts  US,979 Hand Trail,Brookline,Massachusetts,02215
49c455d2-70bd-4e9a-8b26-2d21d3e7ec12,1977-02-01,,999-44-2713,S99935902,X1387245X,Mrs.,Clelia416,Koelpin146,,Hegmann834,M,asian,asian_indian,F,Needham  Massachusetts  US,493 Langosh Highlands Unit 11,Dracut,Massachusetts,01826
ad328964-968b-43df-acc9-a620e5bc20c5,2007-04-17,,999-76-3394,,,,Lasandra232,Emard19,,,,white,italian,F,Needham  Massachusetts  US,976 Lehner Trail Suite 30,Adams,Massachusetts,01220
43a74017-9b69-4b6e-a6cb-93f5a3db1e87,1919-07-31,,999-75-3629,S99935925,X78690465X,Ms.,Jan231,Turcotte120,,,S,white,irish,F,Boston  Massachusetts  US,1097 Schulist Station,Pembroke,Massachusetts,02359
3c08d4c9-dc65-42ef-a058-e9e390cc3c3c,1989-05-28,,999-79-6120,S99966068,X83182829X,Mr.,Lester513,Jast432,,,M,white,irish,M,Newton  Massachusetts  US,334 Hyatt Ramp Unit 61,Auburn,Massachusetts,01501
7ca18072-60b7-4658-923a-17e5b6552727,2015-06-18,,999-53-1625,,,,Steven797,Ritchie586,,,,white,scottish,M,Lunenburg  Massachusetts  US,488 Swaniawski Heights Suite 88,Worcester,Massachusetts,01545
00ffe768-b572-4173-9204-5e9be614e943,1992-11-18,,999-33-9857,S99980149,X71396822X,Ms.,Caridad510,Gallegos952,,,,hispanic,central_american,F,San Jose  San Jose  CR,924 Waters Rest Suite 88,Springfield,Massachusetts,01013
930e6993-7cf8-4c29-97e7-d6a825e6b181,1947-07-10,,999-26-6566,S99944904,X57547213X,Mr.,Keven605,Beier427,,,S,white,irish,M,Belmont  Massachusetts  US,551 Zulauf Spur Apt 43,Swampscott,Massachusetts,01907
ffe2d77a-48ff-4b4a-a7bd-349e8321d437,2005-03-29,,999-75-4629,,,,Eleonora961,Schmeler639,,,,white,irish,F,Worcester  Massachusetts  US,896 Daugherty Green Unit 49,Lowell,Massachusetts,01850
3aceb963-4141-4073-a3a9-59d260b3e449,1951-09-18,2010-04-13,999-73-4084,S99967265,X38404814X,Mrs.,Andre610,Hansen121,,Trantow673,M,white,english,F,Quincy  Massachusetts  US,587 Ebert Course,Brockton,Massachusetts,02301
f7c36ad9-5706-4d18-a934-e2b57d6a43a8,1948-10-02,1989-09-25,999-72-4216,S99992102,X48241815X,Ms.,Remedios388,Tromp100,,,S,white,irish,F,Belchertown  Massachusetts  US,993 Simonis Lane Suite 85,Hatfield,Massachusetts,01038
d08c4236-735d-4f48-b223-ab9723d192a1,1947-11-13,,999-74-9350,S99928655,X39399021X,Mrs.,Joaquina124,Wolff180,,DuBuque211,M,white,french,F,Boston  Massachusetts  US,741 Gusikowski Dam,Lexington,Massachusetts,02420
59c3616c-9607-4b5f-896b-7a1c79fdaa66,1954-07-24,,999-88-3320,S99985466,X33129498X,Mrs.,Magan944,McGlynn426,,Smith67,M,white,italian,F,Quincy  Massachusetts  US,337 Crist Lane Apt 73,Halifax,Massachusetts,02338
b282154e-a0b3-41d6-a267-a3e1a8ea112b,1938-06-30,2000-07-21,999-71-9034,S99963202,X68850502X,Mr.,Noe500,Bogan287,,,S,white,irish,M,Haverhill  Massachusetts  US,438 McLaughlin Grove,Brockton,Massachusetts,02301
9259d9ff-dfd1-414f-a088-7ffb3dd1bb6b,1949-05-17,,999-47-6839,S99944667,X88089095X,Mr.,Hassan290,Hyatt152,,,S,white,american,M,Worcester  Massachusetts  US,545 Murray Common,Yarmouth,Massachusetts,
9536edc1-d4a1-450b-8700-c3b58ad91626,1963-02-08,,999-77-8514,S99961167,X88292429X,Mr.,Emmanuel930,Macejkovic424,,,M,white,irish,M,Randolph  Massachusetts  US,623 Daniel Trafficway Unit 36,Ware,Massachusetts,01082
1e1bce9b-2a98-4521-aa2f-d8e77fdff307,2014-05-30,,999-97-3504,,,,Frederick289,Kassulke119,,,,white,italian,M,Boston  Massachusetts  US,1043 Ryan Landing Unit 38,Webster,Massachusetts,01570
eed70a5a-3c3e-4a90-9092-405c018f1607,2017-04-05,,999-65-7442,,,,Sue491,Reilly981,,,,white,italian,F,Peru  Massachusetts  US,508 Herman Park,Attleboro,Massachusetts,02703
00d2b021-3ae4-4713-b881-6df8996465f1,2001-08-25,,999-81-6219,S99913195,,,Jeramy610,Mayert710,,,,white,russian,M,Southbridge Town  Massachusetts  US,406 Koss Fort,Methuen Town,Massachusetts,01841
b25802a1-59c8-419e-9c98-103f032efd26,1989-02-17,,999-32-4601,S99913587,X49003418X,Mr.,Gaylord332,Gerlach374,,,M,white,french,M,Waltham  Massachusetts  US,817 Goldner Crossroad,Norwood,Massachusetts,02062
5d647228-35ce-44d9-b6ee-7a781df4480f,2003-10-22,,999-49-9205,,,,Douglass930,Klocko335,,,,white,irish,M,Newton  Massachusetts  US,286 Macejkovic Union,Holden,Massachusetts,01520
70595ad2-c8a5-444d-badf-366df0a87792,1950-04-18,,999-95-3265,S99919641,X19657437X,Mr.,Alberto639,Bueno515,,,M,black,dominican,M,Marigot  Saint Andrew Parish  DM,455 Wyman Green,Cambridge,Massachusetts,02138
bc3a9ab3-c64d-417c-aaee-4ff0018f4b9c,1951-09-18,2018-05-01,999-22-8720,S99918464,X42507203X,Mrs.,Sheree902,Kunde533,,Jenkins714,M,white,english,F,Boston  Massachusetts  US,625 Lockman Lodge,Brockton,Massachusetts,02301
1d76e41a-0af2-46c4-a2fd-2e182f10043b,2005-01-01,,999-27-1569,,,,Chadwick722,Maggio310,,,,white,french_canadian,M,Revere  Massachusetts  US,264 Christiansen Way Unit 4,Everett,Massachusetts,02148
c66aad9b-bd80-47ea-a32b-1cce6e7ccad6,1991-07-01,,999-64-9354,S99927618,X79100530X,Mrs.,Carolyne559,Sanford861,,Hammes673,M,white,irish,F,Cambridge  Massachusetts  US,581 Raynor Trace,Ipswich,Massachusetts,01938
3cb10ef2-ff58-4567-b2a9-c9118287f4d0,2004-12-05,,999-35-8988,,,,Will178,Haley279,,,,white,polish,M,Springfield  Massachusetts  US,487 Grady Union Unit 30,South Hadley,Massachusetts,01075
84c7f2b0-e20e-4052-ad35-fc4c9f76eb33,1996-04-16,,999-88-2257,S99928370,X31128813X,Mr.,Arlie183,Moore224,,,,white,irish,M,Boston  Massachusetts  US,1012 Jaskolski Tunnel Suite 43,Boston,Massachusetts,02108
f501a227-d388-4bc3-82a6-8a5233daa6d9,1967-01-18,,999-36-1447,S99952242,X38767558X,Mrs.,Lawanna610,Heaney114,JD,Hartmann983,M,white,italian,F,Westport  Massachusetts  US,697 Kuhn Promenade,Boxford,Massachusetts,01921
2a9fc60d-823f-44ed-91ea-4d69cba84b22,1948-10-02,,999-77-1366,S99949046,X70915982X,Ms.,Manie910,Boyer713,,,S,white,irish,F,Boston  Massachusetts  US,977 Mraz Ranch,Hatfield,Massachusetts,01038
51634b07-d2ae-46d2-b916-10f1c213946c,1938-06-30,,999-87-7336,S99933154,X57172609X,Mr.,Mathew182,Quitzon246,,,S,white,irish,M,Weston  Massachusetts  US,240 Runolfsdottir Plaza,Brockton,Massachusetts,02301
8b0eb943-a634-4acc-813c-b7a0f8e46d08,2011-05-15,,999-34-1537,,,,Gonzalo160,Howell947,,,,white,german,M,Boston  Massachusetts  US,718 Daniel Vale Unit 51,Dracut,Massachusetts,01826
af8a0b65-ff6e-43ba-8d3f-5ff286002e7f,1980-01-31,,999-63-1042,S99937194,X71126771X,Mr.,Dennis979,Gulgowski816,,,M,white,swedish,M,Worcester  Massachusetts  US,281 Cummerata Heights,Rockland,Massachusetts,02370
387ba753-c9e0-4eb7-a29a-da513a51e5ef,1951-09-18,1994-04-12,999-92-1089,S99941365,X49226788X,Ms.,Danyel335,Jones311,,,S,white,english,F,Beverly  Massachusetts  US,583 Denesik Gate Suite 98,Brockton,Massachusetts,02301
9d1923db-726e-4201-9383-c87400553889,2012-02-20,,999-99-3219,,,,Jinny850,Wisoky380,,,,white,irish,F,Arlington  Massachusetts  US,717 King Heights Apt 52,Raynham,Massachusetts,02767
65a539f3-b5f8-4c15-bd05-3e806dda1960,2009-08-17,,999-88-9704,,,,Amberly552,Dicki44,,,,white,swedish,F,Cambridge  Massachusetts  US,542 Tillman Stravenue Apt 0,Wrentham,Massachusetts,02093
3a7723bb-2351-4fd6-9843-542ed532c9a3,1971-07-09,2007-10-05,999-10-3233,S99922832,X797471X,Mr.,Abraham100,Padberg411,,,S,black,west_indian,M,Santiago de los Caballeros  Santiago  DO,118 Denesik Mill,Worcester,Massachusetts,01545
83995595-51b9-4289-b8d4-bf58aaab03b7,1967-05-22,,999-79-9930,S99961644,X54619750X,Mr.,Domenic627,Gibson10,,,M,white,irish,M,Randolph  Massachusetts  US,877 McClure Path Suite 81,Quincy,Massachusetts,02169
4c573762-6a69-4c9b-8445-bd25b0cca731,1949-10-18,,999-85-6542,S99961179,X76148561X,Mrs.,Jenelle653,Rosenbaum794,,Durgan499,M,white,irish,F,Malden  Massachusetts  US,823 Jaskolski Byway Suite 69,Pittsfield,Massachusetts,01201
c6c8cccb-5bdf-4e70-83a5-4c53b80b1794,1943-04-04,,999-72-8790,S99917997,X9244931X,Mrs.,Abby752,White193,,Bayer639,M,white,english,F,Billerica  Massachusetts  US,166 Barrows Underpass Unit 61,Worcester,Massachusetts,01545
42c0813d-eb6f-431d-95f0-5d906b92f1d6,1969-02-03,,999-93-2321,S99964668,X67609123X,Mrs.,Maurita219,Kiehn525,,Heidenreich818,M,white,french,F,Boston  Massachusetts  US,639 Witting Parade,Plymouth,Massachusetts,02360
8018ca04-e4a5-4631-8f36-9c12ba0d9cbd,1950-04-24,,999-84-1955,S99917267,X1235756X,Mr.,Dick869,Murray856,,,M,white,french,M,Fall River  Massachusetts  US,697 Kshlerin Alley Unit 52,Dalton,Massachusetts,01226
380c0d24-6f95-4fec-9fa0-6b4b05ceceef,1951-09-18,,999-16-6286,S99987591,X74046644X,Ms.,Alida395,Deckow585,,,S,white,english,F,Walpole  Massachusetts  US,995 Hermann Rapid Unit 26,Brockton,Massachusetts,02301
491348a0-d2c4-49f1-a9df-db2db1c3f8ae,1910-12-04,1975-06-28,999-70-5591,S99966269,X31310726X,Mrs.,Alycia285,Ullrich385,,O'Hara248,M,white,french_canadian,F,Sandwich  Massachusetts  US,1061 Baumbach Trafficway Suite 93,Sterling,Massachusetts,01564
771a1e35-4234-4004-87d5-575a652c8630,1971-07-09,,999-90-9333,S99959706,X85917911X,Mr.,Nicholas495,Kerluke267,,,M,black,west_indian,M,Santiago de los Caballeros  Santiago  DO,748 Hoeger Annex,Worcester,Massachusetts,01545
943ab05a-5003-4eac-b21e-26f29d5671f2,1979-03-08,,999-33-5088,S99952585,X64718002X,Mr.,Benito209,Hidalgo930,,,M,hispanic,puerto_rican,M,Ponce  Puerto Rico  PR,815 Morissette Dam,Fairhaven,Massachusetts,02719
a96c9b76-3f6e-4b3d-b431-5eda20680e12,1950-02-10,,999-58-2931,S99989154,X55209507X,Mr.,David908,Vásquez905,,,M,hispanic,mexican,M,Puebla  Puebla  MX,950 Legros Vista,Sutton,Massachusetts,01590
84ea64a6-51b6-4da2-b590-98456e21cdaa,1947-08-16,2011-03-10,999-20-7666,S99974619,X79638674X,Mr.,Carmen818,Stroman228,,,M,white,irish,M,Haverhill  Massachusetts  US,255 Hirthe Heights Apt 79,West Bridgewater,Massachusetts,02379
d900e4ad-95a3-4a2c-af9f-f90e323074ef,1966-10-29,,999-54-7338,S99977377,X64132352X,Mr.,Fritz267,Goyette777,,,M,white,italian,M,Boylston  Massachusetts  US,337 Wilderman Walk Unit 39,Springfield,Massachusetts,01013
57471b0d-05c9-4be8-a04d-b14533eefb7d,1966-03-09,,999-26-1665,S99925404,X57946632X,Mrs.,Darla154,Jacobi462,,Krajcik437,M,asian,chinese,F,Lawrence  Massachusetts  US,103 Koch Rest Suite 67,West Brookfield,Massachusetts,01585
e5c81ccf-e6f9-4efb-a428-a30c34b14210,2014-03-18,,999-77-4704,,,,Bobbie849,Quitzon246,,,,white,french_canadian,M,Greenfield Town  Massachusetts  US,770 Trantow Wynd,Dedham,Massachusetts,02026
79d47916-683d-437f-8362-6ab53df91829,1937-07-03,2000-07-19,999-57-9596,S99966275,X47462370X,Mr.,Gino587,Stoltenberg489,,,M,asian,asian_indian,M,Methuen Town  Massachusetts  US,617 Bednar Heights Unit 86,Quincy,Massachusetts,02169
9d647a16-d346-42ab-afda-52f87df2ec79,1962-10-24,,999-10-8249,S99974736,X63321000X,Mr.,Raymond398,Boehm581,,,M,white,irish,M,Barnstable Town  Massachusetts  US,207 Blick Underpass Suite 21,Agawam Town,Massachusetts,01001
c6a049f7-b3ee-45fc-b272-7e612beac74a,1968-04-03,,999-62-3690,S99989388,X175839X,Ms.,Salena230,Hudson301,,,S,white,french_canadian,F,Stoneham  Massachusetts  US,1065 Kemmer Arcade,Concord,Massachusetts,01742
a3b85a80-fa3d-4712-867f-2dc960aaa9e9,2004-08-21,,999-47-9181,,,,Mohammad578,Hermiston71,,,,white,irish,M,Woburn  Massachusetts  US,1039 Grady Arcade Unit 9,Arlington,Massachusetts,02474
aa852551-a3bd-4a47-991e-694c21afc79e,1910-12-04,1997-11-30,999-67-7028,S99932840,X50104018X,Mrs.,Katie634,Hodkiewicz467,,Cremin516,M,white,french_canadian,F,Quincy  Massachusetts  US,1035 Stiedemann Center Suite 21,Sterling,Massachusetts,01564
2c02c8d9-6710-4ea9-84fa-42ec1bb834fb,2010-09-23,,999-99-9297,,,,Elvera717,Hirthe744,,,,white,french,F,Agawam Town  Massachusetts  US,928 Ryan Lane,Lincoln,Massachusetts,01773
cc52737c-894e-4a7b-8bfd-2154e94e9f9a,1991-10-30,,999-71-7547,S99937638,X58985564X,Mrs.,Jinny850,Klein929,,McKenzie376,M,hispanic,puerto_rican,F,Sandwich  Massachusetts  US,548 DuBuque Station Apt 87,Boston,Massachusetts,02108
248fa624-1abe-42c8-8ad1-0695b80be800,1986-12-03,,999-86-7439,S99964231,X60894210X,Mr.,Ramon749,Veum823,,,M,white,scottish,M,Sturbridge  Massachusetts  US,883 Bergnaum Landing Apt 66,Ashland,Massachusetts,01721
7c4aea90-5193-4946-a112-b78b572231a4,1947-08-16,,999-12-9145,S99942760,X48616097X,Mr.,Frederick289,VonRueden376,,,M,white,irish,M,West Newbury  Massachusetts  US,1050 Wyman Vista Unit 38,West Bridgewater,Massachusetts,02379
4c9b458e-7c88-4e0e-950e-76c711fee5d7,1946-03-18,,999-36-7900,S99929641,X80674764X,Mrs.,Dani520,Ratke343,,Stamm704,M,white,french,F,Nantucket  Massachusetts  US,261 Greenfelder Walk,Chicopee,Massachusetts,01013
7745cd0d-ddd2-4ae0-87b8-f920517430db,2017-03-07,,999-92-7101,,,,Velva240,Torphy630,,,,white,irish,F,East Bridgewater  Massachusetts  US,673 Koss Way Suite 27,Plympton,Massachusetts,02367
bd155949-0441-493a-a9e6-81c2e260e1aa,1987-10-23,,999-20-4421,S99993516,X63280884X,Mr.,Kevin729,Frami345,,,M,asian,asian_indian,M,Holliston  Massachusetts  US,931 Upton Road Unit 47,Seekonk,Massachusetts,02771
6fb6368d-ba2e-4733-a68a-4ddba6070fca,1966-06-27,,999-19-8738,S99921663,X31203216X,Mr.,Shaun461,Langosh790,,,M,white,english,M,Watertown Town  Massachusetts  US,867 Prohaska Mill Suite 52,Worcester,Massachusetts,01545
e063231d-5fab-4ddd-812e-5678070096dc,1945-04-12,,999-72-2310,S99994177,X28127330X,Mr.,Jerry654,Batz141,,,M,white,russian,M,Northborough  Massachusetts  US,927 Fay Park,Danvers,Massachusetts,01923
b4412f59-777d-41e5-bf61-8b9141dbb15f,1966-03-22,,999-57-6609,S99940470,X48148166X,Mr.,Frederic454,Bauch723,,,M,white,french,M,Mansfield  Massachusetts  US,725 Borer Rue,Newton,Massachusetts,02458
912169a6-8880-4447-a90c-4085679ffaa6,1937-07-03,,999-22-5115,S99915625,X8055478X,Mr.,Grant908,Cremin516,,,M,asian,asian_indian,M,Newbury  Massachusetts  US,743 Bergnaum Corner Apt 91,Quincy,Massachusetts,02169
9e68d28b-6f69-410a-a599-71b1e8978b9e,1995-04-14,,999-33-1204,S99989105,X50451095X,Ms.,Carlota980,Rau926,,,,white,american,F,Hudson  Massachusetts  US,990 Spencer View,Boston,Massachusetts,02108
98ca918a-22bf-4241-9806-f629f1886450,1992-06-16,,999-36-3890,S99961976,X74800453X,Ms.,Particia365,Ferry570,,,,white,scottish,F,Amherst  Massachusetts  US,816 Kassulke Byway,Franklin Town,Massachusetts,02038
11ad5c57-c93b-4813-ac9a-9904a15910f4,1956-01-03,2013-11-09,999-12-6872,S99980124,X58654696X,Mr.,Sherwood961,Hayes766,,,M,white,irish,M,Lawrence  Massachusetts  US,821 Lang Gate Apt 93,Falmouth,Massachusetts,02540
6cb80cb4-c390-4bee-9e38-536646bdd8df,1910-12-04,2010-05-20,999-25-3804,S99991287,X52128953X,Mrs.,Nelia669,Mraz590,,Bogan287,M,white,french_canadian,F,Taunton  Massachusetts  US,422 Gorczany Rue,Sterling,Massachusetts,01564
faf877a3-3a54-4b6f-902c-9df3000782bc,1956-01-03,,999-77-9537,S99915723,X20121575X,Mr.,Eusebio566,Schultz619,,,M,white,irish,M,Raynham  Massachusetts  US,588 Roob Overpass,Falmouth,Massachusetts,02540
13acdb4e-f91a-401a-8dc7-8e7b6fb76ecc,1910-12-04,1980-03-24,999-14-4597,S99934259,X37849843X,Mrs.,Ji399,Little434,,Anderson154,M,white,french_canadian,F,Boston  Massachusetts  US,393 Prosacco Neck Unit 23,Sterling,Massachusetts,01564
5830c12e-20b0-4bdd-ad7b-453fd1f0a1d8,1910-12-04,,999-86-2678,S99926945,X83748761X,Mrs.,Vannessa721,Rogahn59,,Wolf938,M,white,french_canadian,F,Leominster  Massachusetts  US,128 Nienow Avenue Suite 82,Sterling,Massachusetts,01564
